"1883","3","-6.3","10.6","-25.6"
"1883","4","5.2","26.7","-12.2"
"1883","5","10.4","26.7","-1.7"
"1883","6","17.9","29.4","1.7"
"1883","7","19.3","31.1","7.2"
"1883","8","17.6","30.6","4.4"
"1883","9","12.7","27.8","-1.7"
"1883","10","7.6","24.4","-3.9"
"1883","11","3.1","16.1","-11.7"
"1883","12","-3.6","10.6","-20"
"1884","1","-9.9","6.1","-31.1"
"1884","2","-4.6","10.6","-24.4"
"1884","3","-2.1","15","-28.3"
"1884","4","5.1","21.1","-6.1"
"1884","5","12","25.6","-1.1"
"1884","6","19.2","30.6","7.2"
"1884","7","18.1","31.1","7.8"
"1884","8","18.1","31.7","5.6"
"1884","9","17","31.1","0.6"
"1884","10","9.7","27.8","-5"
"1884","11","1.5","14.4","-10.6"
"1884","12","-4.7","12.2","-22.8"
"1885","1","-9","8.9","-23.9"
"1885","2","-13","4.4","-30.6"
"1885","3","-8.2","7.2","-27.2"
"1885","4","4.4","26.7","-8.9"
"1885","5","12.4","27.8","-4.4"
"1885","6","16.1","29.4","4.4"
"1885","7","20.6","30","8.9"
"1885","8","16.7","27.2","4.4"
"1885","9","14.1","27.2","2.2"
"1885","10","7.6","24.4","-7.8"
"1885","11","3.4","17.8","-5"
"1885","12","-2.8","10","-22.2"
"1886","1","-7","9.4","-21.1"
"1886","2","-7.3","8.3","-27.8"
"1886","3","-1.4","14.4","-21.1"
"1886","4","8.3","26.7","-7.2"
"1886","5","12.3","25.6","-0.6"
"1886","6","16.5","28.3","3.9"
"1886","7","18.8","32.2","5.6"
"1886","8","18.5","30","5.6"
"1886","9","15.6","28.9","3.9"
"1886","10","9.9","23.9","-0.6"
"1886","11","1.4","18.3","-8.9"
"1886","12","-8","6.1","-28.3"
"1887","1","-8.1","8.9","-26.1"
"1887","2","-5.2","10","-18.9"
"1887","3","-3.8","9.4","-15"
"1887","4","4.3","22.8","-8.9"
"1887","5","16.6","30","5.6"
"1887","6","18.6","30.6","7.8"
"1887","7","22.7","35","11.1"
"1887","8","18.1","32.8","2.8"
"1887","9","13.5","30.6","-2.8"
"1887","10","6.7","24.4","-8.3"
"1887","11","1.6","16.1","-14.4"
"1887","12","-2.8","12.2","-15.6"
"1888","1","-9.9","5","-27.2"
"1888","2","-6.3","6.7","-26.7"
"1888","3","-5","12.8","-23.9"
"1888","4","4.2","28.3","-7.8"
"1888","5","11.5","26.1","-1.7"
"1888","6","17.4","31.1","2.2"
"1888","7","18.8","30","6.7"
"1888","8","19.1","30","3.3"
"1888","9","13.5","26.7","0.6"
"1888","10","6.5","16.7","-3.9"
"1888","11","3.7","19.4","-8.9"
"1888","12","-1.5","10","-16.1"
"1889","1","-2.8","7.8","-15.6"
"1889","2","-8.6","5.6","-30.6"
"1889","3","1.1","14.4","-9.4"
"1889","4","6.5","25.6","-6.7"
"1889","5","13","29.4","-1.7"
"1889","6","16.5","28.9","4.4"
"1889","7","20","31.7","7.8"
"1889","8","18.6","30.6","6.7"
"1889","9","15.9","30.6","1.1"
"1889","10","5.9","17.2","-7.2"
"1889","11","3.6","15.6","-9.4"
"1889","12","1.7","13.9","-15.6"
"1890","1","-0.6","15","-15"
"1890","2","-1.6","15","-12.2"
"1890","3","-2.5","11.7","-22.2"
"1890","4","7","22.8","-6.7"
"1890","5","11.4","24.4","0"
"1890","6","NaN","NaN","NaN"
"1890","7","NaN","NaN","NaN"
"1890","8","NaN","NaN","NaN"
"1890","9","14.3","30","-1.7"
"1890","10","9","22.8","-1.1"
"1890","11","3.4","16.1","-11.1"
"1890","12","-4.7","4.4","-20"
"1891","1","-4.1","6.7","-16.7"
"1891","2","-1.9","9.4","-16.1"
"1891","3","-2.4","12.2","-20.6"
"1891","4","7.9","25.6","-7.2"
"1891","5","11.8","27.2","-3.9"
"1891","6","19.5","33.3","1.7"
"1891","7","17.4","30.6","3.9"
"1891","8","18.8","34.4","4.4"
"1891","9","17.3","30.6","1.7"
"1891","10","8.5","26.7","-6.1"
"1891","11","2.7","18.3","-12.8"
"1891","12","0.4","12.8","-13.3"
"1892","1","-7.7","9.4","-32.2"
"1892","2","-3.5","5.6","-21.1"
"1892","3","-2.4","12.8","-17.8"
"1892","4","6","21.7","-7.2"
"1892","5","11.8","28.9","-1.1"
"1892","6","20","32.2","8.9"
"1892","7","20.8","33.9","6.1"
"1892","8","19.9","33.9","5"
"1892","9","15.8","27.2","1.7"
"1892","10","9.1","23.3","-2.2"
"1892","11","1.5","15.6","-12.2"
"1892","12","-4.7","8.9","-25.6"
"1893","1","-10.4","5.6","-31.7"
"1893","2","-7.6","5","-22.2"
"1893","3","-1.8","17.2","-15"
"1893","4","5.4","20.6","-5"
"1893","5","11.4","25","0"
"1893","6","20","32.8","6.1"
"1893","7","20.5","33.3","6.7"
"1893","8","18.9","33.3","3.9"
"1893","9","14.8","28.3","-1.7"
"1893","10","9.9","26.7","-5"
"1893","11","2.4","15.6","-15.6"
"1893","12","-3.6","13.9","-17.8"
"1894","1","-2.4","8.3","-16.1"
"1894","2","-6.3","7.2","-24.4"
"1894","3","3.2","20","-11.1"
"1894","4","7.4","23.3","-7.8"
"1894","5","13","26.7","-0.6"
"1894","6","19.5","35","-1.1"
"1894","7","21.7","35","4.4"
"1894","8","18.9","31.7","3.9"
"1894","9","17.4","33.9","-1.7"
"1894","10","10.1","23.3","-1.1"
"1894","11","0.4","16.7","-15"
"1894","12","-0.7","10","-20.6"
"1895","1","-7.1","6.1","-22.8"
"1895","2","-9.8","7.2","-31.1"
"1895","3","-4.6","12.8","-22.2"
"1895","4","7.3","26.1","-6.7"
"1895","5","14","34.4","-3.9"
"1895","6","20.2","33.9","2.8"
"1895","7","19.3","33.9","4.4"
"1895","8","19.7","33.9","3.3"
"1895","9","17.1","33.3","-1.1"
"1895","10","6","19.4","-7.8"
"1895","11","2.2","18.9","-12.2"
"1895","12","-1.9","13.9","-16.7"
"1896","1","-5.1","4.4","-20"
"1896","2","-5.5","8.9","-27.2"
"1896","3","-4.5","16.1","-20"
"1896","4","9.5","28.9","-7.8"
"1896","5","17.3","31.7","3.3"
"1896","6","18.8","30","3.3"
"1896","7","21","31.7","5.6"
"1896","8","19.6","33.9","3.9"
"1896","9","14.6","30.6","-2.2"
"1896","10","6.9","21.1","-5"
"1896","11","4.3","17.8","-8.9"
"1896","12","-2.7","11.1","-17.2"
"1897","1","-6.1","12.8","-26.1"
"1897","2","-4.1","6.1","-21.7"
"1897","3","0.3","15.6","-19.4"
"1897","4","6.8","23.3","-6.1"
"1897","5","12","26.7","-1.1"
"1897","6","16.5","28.9","2.2"
"1897","7","22.3","35.6","11.1"
"1897","8","18","31.1","4.4"
"1897","9","16.7","34.4","-2.8"
"1897","10","11","29.4","-3.3"
"1897","11","2.9","15.6","-11.1"
"1897","12","-2.8","11.7","-22.2"
"1898","1","-3.9","10","-20"
"1898","2","-4.5","11.1","-22.8"
"1898","3","3.1","19.4","-14.4"
"1898","4","6.1","20","-10.6"
"1898","5","13.7","26.7","-2.2"
"1898","6","19.4","32.2","2.8"
"1898","7","21.9","36.7","2.8"
"1898","8","20.4","34.4","5.6"
"1898","9","17.4","33.9","0.6"
"1898","10","10.2","28.9","-4.4"
"1898","11","2","17.2","-15"
"1898","12","-4","7.8","-15"
"1899","1","-5.4","10","-26.1"
"1899","2","-8.9","10","-31.7"
"1899","3","-2.5","13.9","-15"
"1899","4","8.6","27.8","-8.9"
"1899","5","14.4","27.8","1.1"
"1899","6","19.5","32.8","5"
"1899","7","20.6","35.6","6.7"
"1899","8","20.9","35","3.3"
"1899","9","14.7","30","0.6"
"1899","10","11.1","23.9","-6.1"
"1899","11","4.6","15.6","-4.4"
"1899","12","-2.9","13.3","-21.1"
"1900","1","-3.8","7.2","-22.2"
"1900","2","-7.5","12.8","-27.2"
"1900","3","-5","6.7","-25.6"
"1900","4","8","25.6","-5"
"1900","5","14.3","29.4","-2.2"
"1900","6","18.3","31.7","6.1"
"1900","7","20.8","34.4","5"
"1900","8","22.6","35","8.3"
"1900","9","17.6","32.2","1.1"
"1900","10","13.4","28.9","-3.9"
"1900","11","3.5","17.8","-9.4"
"1900","12","-2.4","11.7","-18.9"
"1901","1","-4.9","6.1","-21.1"
"1901","2","-10.2","0.6","-23.9"
"1901","3","-1","16.1","-21.1"
"1901","4","7.7","26.7","-5"
"1901","5","13.2","26.1","-1.1"
"1901","6","19.5","33.9","0.6"
"1901","7","23.5","36.7","10"
"1901","8","20.4","31.1","6.1"
"1901","9","16.4","30.6","1.1"
"1901","10","9.8","22.8","-5.6"
"1901","11","1.4","15.6","-13.3"
"1901","12","-4","13.9","-20.6"
"1902","1","-6.1","3.3","-21.7"
"1902","2","-7.4","10","-21.1"
"1902","3","3.2","17.8","-12.2"
"1902","4","6.9","26.7","-4.4"
"1902","5","13.4","30.6","-2.2"
"1902","6","15.9","28.3","1.7"
"1902","7","20.9","32.2","7.2"
"1902","8","17.6","30","6.1"
"1902","9","15.3","26.1","1.1"
"1902","10","9.2","21.7","-3.3"
"1902","11","6.4","20","-6.1"
"1902","12","-4.4","8.3","-26.7"
"1903","1","-5.6","8.3","-24.4"
"1903","2","-4.6","6.7","-21.7"
"1903","3","4.8","24.4","-11.1"
"1903","4","6.8","26.7","-12.8"
"1903","5","14.5","30","-3.3"
"1903","6","16.1","29.4","4.4"
"1903","7","20.4","32.2","7.2"
"1903","8","17.4","28.3","5.6"
"1903","9","15.8","30","-1.7"
"1903","10","10.1","23.9","-1.1"
"1903","11","0.7","20","-16.7"
"1903","12","-6","3.9","-17.8"
"1904","1","-9.6","3.3","-30"
"1904","2","-11.3","5.6","-26.7"
"1904","3","-1.5","11.1","-16.7"
"1904","4","4","18.3","-7.8"
"1904","5","13.9","29.4","0.6"
"1904","6","18.2","31.1","3.9"
"1904","7","19.7","33.3","5"
"1904","8","17.4","27.8","3.9"
"1904","9","15.3","28.9","-3.3"
"1904","10","7.8","23.3","-7.2"
"1904","11","2.2","15.6","-11.1"
"1904","12","-5.2","9.4","-15.6"
"1905","1","-8.1","5","-21.1"
"1905","2","-9.6","2.2","-27.2"
"1905","3","-0.5","23.9","-21.7"
"1905","4","6.2","23.3","-5.6"
"1905","5","12.6","26.1","-1.7"
"1905","6","17.7","29.4","2.8"
"1905","7","20.8","32.8","8.3"
"1905","8","19.5","31.1","5.6"
"1905","9","16.4","29.4","-2.2"
"1905","10","9.2","27.8","-7.2"
"1905","11","1.8","13.3","-15"
"1905","12","-1.3","8.3","-19.4"
"1906","1","-1.1","15.6","-14.4"
"1906","2","-5.9","13.9","-27.2"
"1906","3","-3.6","8.9","-21.7"
"1906","4","7.4","23.3","-3.3"
"1906","5","13.4","29.4","-1.7"
"1906","6","19.2","32.2","3.3"
"1906","7","20.1","31.1","6.7"
"1906","8","21.5","31.7","7.8"
"1906","9","17.6","30.6","2.2"
"1906","10","9.3","23.3","-3.3"
"1906","11","3","15","-6.1"
"1906","12","-3.6","8.3","-16.7"
"1907","1","-5.3","13.9","-25.6"
"1907","2","-8","6.1","-23.9"
"1907","3","2.1","20","-13.3"
"1907","4","3.4","21.7","-11.1"
"1907","5","9.8","26.1","-4.4"
"1907","6","17","30.6","2.8"
"1907","7","19.7","30.6","2.2"
"1907","8","17.9","30","3.9"
"1907","9","16.1","28.9","3.3"
"1907","10","7.3","23.3","-6.1"
"1907","11","2.3","12.2","-9.4"
"1907","12","-2","9.4","-13.3"
"1908","1","-5.5","5.6","-22.8"
"1908","2","-7.6","7.2","-28.9"
"1908","3","-0.2","18.3","-15.6"
"1908","4","6.6","27.2","-7.8"
"1908","5","14.9","31.1","-2.2"
"1908","6","19.4","33.3","0"
"1908","7","21.9","34.4","8.9"
"1908","8","19.6","35","5"
"1908","9","18.3","33.9","0.6"
"1908","10","10.5","27.8","-3.9"
"1908","11","3.2","16.1","-8.3"
"1908","12","-2.7","10.6","-16.1"
"1909","1","-3.3","16.1","-26.1"
"1909","2","-2.9","10","-19.4"
"1909","3","-1.2","7.8","-11.1"
"1909","4","5.8","21.1","-8.9"
"1909","5","12.5","29.4","-1.7"
"1909","6","19.1","31.7","3.9"
"1909","7","20.7","32.8","6.1"
"1909","8","21","34.4","5.6"
"1909","9","15.6","32.2","-0.6"
"1909","10","7.7","27.2","-4.4"
"1909","11","5.9","20.6","-8.9"
"1909","12","-4.6","11.1","-17.8"
"1910","1","-5.1","5","-20.6"
"1910","2","-7.2","5","-26.7"
"1910","3","4.8","26.1","-10"
"1910","4","8.8","26.1","-5"
"1910","5","11","26.1","-2.8"
"1910","6","18","33.3","1.7"
"1910","7","21.7","36.1","8.3"
"1910","8","19.7","32.8","7.2"
"1910","9","15.7","29.4","2.2"
"1910","10","10.6","26.1","-10"
"1910","11","0.9","15.6","-7.2"
"1910","12","-6.4","2.2","-22.8"
"1911","1","-3.7","7.8","-22.2"
"1911","2","-3.3","10.6","-15"
"1911","3","-1.3","13.9","-15"
"1911","4","6.2","24.4","-9.4"
"1911","5","17","33.9","-2.8"
"1911","6","20","33.9","6.1"
"1911","7","22.1","38.9","7.8"
"1911","8","20.5","35","3.9"
"1911","9","16.1","31.1","0"
"1911","10","8.8","21.1","-2.2"
"1911","11","1.1","16.7","-10.6"
"1911","12","0.3","13.3","-15.6"
"1912","1","-11.7","3.3","-31.7"
"1912","2","-8.5","6.7","-28.9"
"1912","3","-4.1","11.1","-18.9"
"1912","4","6.9","23.9","-6.7"
"1912","5","14.6","28.9","-1.1"
"1912","6","17.2","32.8","0.6"
"1912","7","21.2","33.9","5"
"1912","8","18.1","31.1","5"
"1912","9","18","33.3","0.6"
"1912","10","10.7","26.1","-2.8"
"1912","11","4.2","16.7","-7.8"
"1912","12","-1.1","13.9","-14.4"
"1913","1","-1.6","10","-16.1"
"1913","2","-6.7","11.7","-18.9"
"1913","3","0","19.4","-21.7"
"1913","4","8","28.3","-6.1"
"1913","5","12.5","29.4","-2.8"
"1913","6","18.6","33.9","0"
"1913","7","20.7","34.4","4.4"
"1913","8","20","34.4","3.3"
"1913","9","15.3","32.8","0.6"
"1913","10","9.9","28.3","-3.3"
"1913","11","4.5","19.4","-7.2"
"1913","12","-0.5","10","-16.7"
"1914","1","-3.3","12.2","-27.8"
"1914","2","-9.4","5.6","-25"
"1914","3","-0.9","14.4","-13.9"
"1914","4","5.9","27.2","-8.9"
"1914","5","14.4","31.7","-2.2"
"1914","6","18.2","34.4","1.7"
"1914","7","21.1","32.8","7.2"
"1914","8","20","35","5.6"
"1914","9","15.4","32.2","-1.1"
"1914","10","11.4","26.7","-5.6"
"1914","11","2.7","17.8","-15"
"1914","12","-5.2","13.3","-30"
"1915","1","-7.1","5","-29.4"
"1915","2","-3.3","8.9","-19.4"
"1915","3","-1.9","11.1","-13.3"
"1915","4","9.8","30.6","-6.1"
"1915","5","11.1","25.6","-2.8"
"1915","6","16.7","30.6","1.1"
"1915","7","20.1","31.7","7.2"
"1915","8","18.7","31.7","1.7"
"1915","9","17.3","31.7","-1.7"
"1915","10","10.1","24.4","-4.4"
"1915","11","4.1","17.8","-5.6"
"1915","12","-3.8","4.4","-16.7"
"1916","1","-1.8","13.9","-20"
"1916","2","-7.8","5","-26.7"
"1916","3","-4.1","16.1","-21.1"
"1916","4","7.3","22.8","-6.1"
"1916","5","13.1","27.8","-0.6"
"1916","6","16.1","27.2","3.9"
"1916","7","24.4","37.8","8.3"
"1916","8","21.8","37.2","7.2"
"1916","9","16","32.2","-1.7"
"1916","10","8.9","28.9","-2.8"
"1916","11","2.9","19.4","-11.1"
"1916","12","-4.6","14.4","-20"
"1917","1","-7.3","4.4","-26.1"
"1917","2","-9.4","7.2","-27.8"
"1917","3","0.2","19.4","-23.3"
"1917","4","5.2","24.4","-6.7"
"1917","5","9","26.7","-2.2"
"1917","6","16.4","29.4","3.3"
"1917","7","21.3","36.7","7.8"
"1917","8","19.7","35","6.1"
"1917","9","14.4","28.9","0"
"1917","10","5.9","19.4","-5"
"1917","11","0.5","14.4","-15"
"1917","12","-7.1","5","-23.9"
"1918","1","-12","0","-23.9"
"1918","2","-6.3","10","-29.4"
"1918","3","1.7","22.8","-15.6"
"1918","4","6.7","22.8","-6.7"
"1918","5","16","31.1","-2.2"
"1918","6","17.4","31.1","2.2"
"1918","7","20.6","36.7","5"
"1918","8","22.7","41.1","7.2"
"1918","9","12.8","26.7","1.1"
"1918","10","11.2","23.9","-2.8"
"1918","11","4.5","17.8","-7.2"
"1918","12","0.2","12.8","-8.9"
"1919","1","-2.2","8.9","-17.8"
"1919","2","-2.8","11.7","-13.3"
"1919","3","1.8","19.4","-11.1"
"1919","4","6.6","21.1","-10.6"
"1919","5","12.8","34.4","0.6"
"1919","6","22.5","35.6","7.2"
"1919","7","22.6","36.7","7.8"
"1919","8","19.5","32.2","5.6"
"1919","9","17.5","33.9","1.7"
"1919","10","11.7","29.4","-1.7"
"1919","11","2.3","15","-8.3"
"1919","12","-6.7","8.3","-20.6"
"1920","1","-11","1.1","-26.7"
"1920","2","-7.4","6.7","-27.8"
"1920","3","1.4","21.7","-16.7"
"1920","4","4.6","22.2","-8.9"
"1920","5","12.2","29.4","-3.3"
"1920","6","19.4","34.4","5"
"1920","7","19","30.6","5.6"
"1920","8","20.5","32.8","5.6"
"1920","9","17","33.3","2.8"
"1920","10","13","26.7","-1.7"
"1920","11","2.3","15.6","-7.8"
"1920","12","-0.8","11.1","-16.7"
"1921","1","-2.7","8.9","-16.7"
"1921","2","-2.7","13.3","-14.4"
"1921","3","5.1","21.7","-11.1"
"1921","4","10.2","26.7","-6.1"
"1921","5","15.1","32.8","-0.6"
"1921","6","20.3","34.4","2.2"
"1921","7","25","37.8","12.2"
"1921","8","19.8","33.3","7.2"
"1921","9","19.2","32.2","3.9"
"1921","10","10","21.7","-0.6"
"1921","11","2.1","17.2","-6.7"
"1921","12","-2.3","11.7","-14.4"
"1922","1","-6.1","7.8","-18.9"
"1922","2","-3.7","11.1","-20"
"1922","3","1","18.3","-12.2"
"1922","4","7.8","26.1","-5.6"
"1922","5","16","29.4","0"
"1922","6","19.1","35","4.4"
"1922","7","20.9","31.1","6.7"
"1922","8","19.9","35","5"
"1922","9","17.3","33.3","-0.6"
"1922","10","10.4","29.4","-4.4"
"1922","11","4.5","17.2","-9.4"
"1922","12","-3.1","13.3","-17.2"
"1923","1","-5.1","5.6","-18.3"
"1923","2","-8.2","3.3","-21.7"
"1923","3","-2","11.7","-16.7"
"1923","4","5.6","26.1","-17.8"
"1923","5","11.6","27.8","-3.3"
"1923","6","20.7","36.7","5"
"1923","7","20.9","34.4","8.3"
"1923","8","19.6","33.9","4.4"
"1923","9","16.6","31.1","-0.6"
"1923","10","8.5","23.3","-5"
"1923","11","3.3","13.3","-5"
"1923","12","1.5","11.1","-11.7"
"1924","1","-6.4","6.1","-22.8"
"1924","2","-6.7","4.4","-25"
"1924","3","-1","11.1","-14.4"
"1924","4","6.4","20","-7.8"
"1924","5","9.9","21.7","-2.2"
"1924","6","17.8","33.3","3.9"
"1924","7","19.6","32.2","6.7"
"1924","8","19.4","34.4","4.4"
"1924","9","13.8","28.3","0"
"1924","10","10.7","23.3","-3.3"
"1924","11","2.6","20","-10"
"1924","12","-5.7","13.9","-22.8"
"1925","1","-7.5","3.9","-27.8"
"1925","2","-3.5","10","-20"
"1925","3","1.2","20","-20.6"
"1925","4","8.9","30","-5.6"
"1925","5","10.5","30","-2.8"
"1925","6","20.4","37.2","1.7"
"1925","7","20.4","33.9","8.3"
"1925","8","20.5","33.9","5.6"
"1925","9","17.1","30","1.7"
"1925","10","5.2","18.9","-6.7"
"1925","11","1.6","12.2","-10"
"1925","12","-3.8","9.4","-19.4"
"1926","1","-5.3","5.6","-22.2"
"1926","2","-6.1","5","-20.6"
"1926","3","-3.6","10","-20.6"
"1926","4","3.3","25","-8.9"
"1926","5","12.4","29.4","-1.7"
"1926","6","16.2","30.6","2.8"
"1926","7","20.7","36.1","6.7"
"1926","8","20.5","32.2","6.1"
"1926","9","16","29.4","2.2"
"1926","10","8.5","27.2","-2.8"
"1926","11","2.1","15","-13.9"
"1926","12","-5.2","7.2","-20"
"1927","1","-6.3","6.1","-23.9"
"1927","2","-2.4","9.4","-12.2"
"1927","3","2.3","17.2","-15.6"
"1927","4","7.3","25","-4.4"
"1927","5","12.1","29.4","-1.1"
"1927","6","16","35.6","2.2"
"1927","7","20.5","36.1","5.6"
"1927","8","17.6","30.6","4.4"
"1927","9","18","32.2","0"
"1927","10","11.7","28.3","-1.1"
"1927","11","4.4","20","-7.2"
"1927","12","-2.9","11.7","-15.6"
"1928","1","-4.9","6.7","-27.8"
"1928","2","-4.7","7.2","-18.9"
"1928","3","-1.3","21.7","-16.7"
"1928","4","5.5","22.8","-7.2"
"1928","5","12.4","29.4","-2.2"
"1928","6","16.5","27.8","1.1"
"1928","7","21.4","32.8","8.9"
"1928","8","21.2","32.2","6.7"
"1928","9","14.2","30.6","-0.6"
"1928","10","10.5","28.3","-2.8"
"1928","11","4.1","18.9","-9.4"
"1928","12","-1.2","8.9","-16.1"
"1929","1","-7","6.7","-21.1"
"1929","2","-6.7","7.2","-28.9"
"1929","3","3.1","20.6","-15.6"
"1929","4","8","27.2","-6.7"
"1929","5","11.7","32.2","-2.2"
"1929","6","17.3","33.3","1.1"
"1929","7","20.9","34.4","5.6"
"1929","8","18.7","34.4","5"
"1929","9","16.8","34.4","-2.2"
"1929","10","8.7","21.7","-3.9"
"1929","11","1.6","16.7","-15.6"
"1929","12","-4.4","3.9","-15"
"1930","1","-6.9","6.7","-22.8"
"1930","2","-2.6","14.4","-21.1"
"1930","3","-0.5","17.8","-10.6"
"1930","4","6.7","27.2","-4.4"
"1930","5","14.2","30","0"
"1930","6","19.3","31.1","6.1"
"1930","7","21.2","35.6","4.4"
"1930","8","20.5","35.6","4.4"
"1930","9","17.3","32.2","2.2"
"1930","10","8.8","26.1","-6.1"
"1930","11","3.8","17.8","-15"
"1930","12","-3","8.3","-17.8"
"1931","1","-4.6","6.1","-16.7"
"1931","2","-2.8","6.7","-16.7"
"1931","3","0.2","10.6","-8.3"
"1931","4","7.1","25.6","-3.9"
"1931","5","13","30.6","-2.8"
"1931","6","18.5","35.6","3.3"
"1931","7","23","37.2","10"
"1931","8","20.6","35.6","4.4"
"1931","9","18.8","35","0"
"1931","10","11.6","26.7","-1.1"
"1931","11","6.9","20.6","-4.4"
"1931","12","0.5","11.7","-8.3"
"1932","1","1.3","14.4","-15"
"1932","2","NaN","NaN","NaN"
"1932","3","NaN","NaN","NaN"
"1932","4","NaN","NaN","NaN"
"1932","5","12","28.3","-4.4"
"1932","6","17.6","28.9","2.2"
"1932","7","19.1","32.2","5"
"1932","8","19.5","33.9","6.7"
"1932","9","15.5","27.2","-1.7"
"1932","10","9.5","22.2","-4.4"
"1932","11","0.7","14.4","-13.9"
"1932","12","-2.9","11.7","-18.9"
"1933","1","0","13.3","-13.9"
"1933","2","-4.6","8.9","-24.4"
"1933","3","-1.3","10","-17.2"
"1933","4","6.9","21.1","-4.4"
"1933","5","13.5","28.9","0"
"1933","6","19.5","34.4","1.1"
"1933","7","21","35.6","8.3"
"1933","8","19.5","32.2","7.2"
"1933","9","17.6","35.6","1.7"
"1933","10","8.6","22.8","-6.1"
"1933","11","0.1","23.3","-15.6"
"1933","12","-4.3","11.7","-23.3"
"1934","1","-3.7","6.1","-18.9"
"1934","2","-13.4","1.1","-32.8"
"1934","3","-3.8","13.9","-18.9"
"1934","4","4.7","21.1","-7.8"
"1934","5","13.6","30","-2.8"
"1934","6","20.3","34.4","5.6"
"1934","7","21.4","35","6.7"
"1934","8","17.8","31.7","1.1"
"1934","9","17.1","27.8","3.9"
"1934","10","8.6","22.8","-6.7"
"1934","11","5","17.2","-6.7"
"1934","12","-5.1","6.1","-22.2"
"1935","1","-6.5","5","-28.3"
"1935","2","-6.5","5","-22.2"
"1935","3","1.7","17.2","-13.9"
"1935","4","4.8","21.1","-7.8"
"1935","5","9.2","25","-2.2"
"1935","6","16.3","27.8","2.2"
"1935","7","22.2","33.9","11.1"
"1935","8","19.5","30.6","4.4"
"1935","9","13.8","29.4","-2.2"
"1935","10","8.8","22.8","-5"
"1935","11","3.1","16.1","-8.9"
"1935","12","-5.9","6.7","-25.6"
"1936","1","-7.4","4.4","-21.7"
"1936","2","-10.6","6.7","-23.9"
"1936","3","1","15.6","-18.9"
"1936","4","3.4","18.3","-8.3"
"1936","5","14.2","29.4","-0.6"
"1936","6","17","30.6","3.3"
"1936","7","21.1","38.9","3.3"
"1936","8","20.5","33.9","6.1"
"1936","9","16.7","31.7","0.6"
"1936","10","8.5","22.2","-6.7"
"1936","11","-0.1","16.7","-22.2"
"1936","12","-1.7","11.1","-21.1"
"1937","1","-2.5","12.8","-19.4"
"1937","2","-3.9","12.2","-17.2"
"1937","3","-2.6","7.2","-14.4"
"1937","4","5.4","18.9","-3.9"
"1937","5","12.5","29.4","0"
"1937","6","17.6","30","5.6"
"1937","7","20.8","32.8","6.1"
"1937","8","21.3","31.1","8.9"
"1937","9","14.2","32.8","0"
"1937","10","7.4","25","-5"
"1937","11","2.2","15","-8.3"
"1937","12","-5.2","5","-22.8"
"1938","1","-7.1","7.2","-20"
"1938","2","-2.4","12.8","-17.8"
"1938","3","2.6","23.9","-16.7"
"1938","4","7.2","27.8","-7.8"
"1938","5","12.4","26.7","-1.7"
"1938","6","17","30.6","3.9"
"1938","7","21.2","31.7","8.3"
"1938","8","21.6","31.7","8.3"
"1938","9","14.1","26.7","2.8"
"1938","10","10.1","27.8","-3.3"
"1938","11","3.7","20.6","-12.2"
"1938","12","-2.8","7.8","-19.4"
"1939","1","-5.2","11.7","-21.1"
"1939","2","-4.7","7.2","-20"
"1939","3","-1.7","19.4","-17.2"
"1939","4","4.9","26.1","-10"
"1939","5","13.6","30","-1.7"
"1939","6","18.5","30","4.4"
"1939","7","20.4","32.2","4.4"
"1939","8","20.8","30.6","10"
"1939","9","16.5","34.4","1.7"
"1939","10","9.8","24.4","-4.4"
"1939","11","1.7","15.6","-8.3"
"1939","12","-0.8","10","-15.6"
"1940","1","-9.5","4.4","-24.4"
"1940","2","-5.3","4.4","-20"
"1940","3","-4.7","11.7","-20"
"1940","4","4.4","22.8","-8.3"
"1940","5","11.5","26.7","-1.1"
"1940","6","17.6","30.6","3.9"
"1940","7","20.4","32.8","6.7"
"1940","8","19.8","31.7","3.3"
"1940","9","15.1","29.4","2.2"
"1940","10","8.5","23.3","-4.4"
"1940","11","2.5","18.3","-6.7"
"1940","12","-2.3","8.9","-17.2"
"1941","1","-5.8","4.4","-22.8"
"1941","2","-5.9","6.1","-17.2"
"1941","3","-3.4","12.2","-14.4"
"1941","4","9.7","28.9","-3.9"
"1941","5","14.3","31.7","0"
"1941","6","19.3","33.9","5"
"1941","7","21.8","36.7","7.8"
"1941","8","19","33.9","3.3"
"1941","9","17.2","32.2","0.6"
"1941","10","10.6","26.1","-2.2"
"1941","11","4","17.8","-6.1"
"1941","12","-0.5","16.7","-13.9"
"1942","1","-5.6","7.2","-23.3"
"1942","2","-7.7","2.2","-19.4"
"1942","3","1.3","14.4","-6.1"
"1942","4","9.5","28.3","-3.3"
"1942","5","13.8","30","0.6"
"1942","6","18.8","30.6","6.1"
"1942","7","20.3","34.4","7.2"
"1942","8","19.7","31.1","3.9"
"1942","9","15","29.4","-2.2"
"1942","10","9.5","22.8","-5.6"
"1942","11","2.7","16.7","-16.7"
"1942","12","-5.3","3.3","-27.2"
"1943","1","-8","4.4","-22.8"
"1943","2","-4.8","10","-28.9"
"1943","3","-1.6","23.3","-22.8"
"1943","4","3.1","21.1","-7.8"
"1943","5","12","25.6","-2.2"
"1943","6","20.6","33.3","8.9"
"1943","7","21","30","8.3"
"1943","8","20.2","31.7","8.3"
"1943","9","14.8","31.7","-0.6"
"1943","10","8.3","25","-2.2"
"1943","11","2","18.3","-8.3"
"1943","12","-4.1","6.1","-20.6"
"1944","1","-3","13.9","-17.2"
"1944","2","-5","7.8","-27.8"
"1944","3","-2.3","13.9","-16.1"
"1944","4","4.5","22.2","-7.2"
"1944","5","15.6","31.1","2.8"
"1944","6","19.3","35","6.7"
"1944","7","20.9","32.8","7.8"
"1944","8","21.4","35","7.2"
"1944","9","15.8","29.4","1.7"
"1944","10","9","23.9","-4.4"
"1944","11","3.6","20","-6.7"
"1944","12","-6.4","5.6","-26.1"
"1945","1","-10.8","2.8","-22.8"
"1945","2","-5.3","6.1","-19.4"
"1945","3","5.8","23.3","-10"
"1945","4","8","23.9","-2.8"
"1945","5","9.2","25.6","-3.3"
"1945","6","16.5","31.1","1.7"
"1945","7","19.8","32.2","6.7"
"1945","8","19.6","31.1","5"
"1945","9","15.8","30.6","0"
"1945","10","8.1","21.1","-2.2"
"1945","11","3.6","22.2","-7.2"
"1945","12","-6.4","7.2","-26.7"
"1946","1","-4.9","13.9","-20.6"
"1946","2","-5.8","8.9","-18.3"
"1946","3","5.2","24.4","-8.9"
"1946","4","6.2","27.2","-5.6"
"1946","5","12","26.1","-1.7"
"1946","6","17.5","30.6","1.1"
"1946","7","20.5","33.9","7.2"
"1946","8","18.2","31.1","6.1"
"1946","9","16.6","29.4","3.3"
"1946","10","12.3","30","0"
"1946","11","4.4","18.9","-6.7"
"1946","12","-2.1","12.8","-15"
"1947","1","-3.3","7.8","-16.7"
"1947","2","-7.3","5","-17.8"
"1947","3","-2.6","13.3","-12.2"
"1947","4","5","20.6","-5"
"1947","5","10.5","24.4","-5"
"1947","6","17.6","30","4.4"
"1947","7","20","31.1","5.6"
"1947","8","22.9","33.3","7.2"
"1947","9","16.3","29.4","-1.1"
"1947","10","13.4","26.1","-2.2"
"1947","11","1.5","14.4","-11.7"
"1947","12","-4.4","10","-19.4"
"1948","1","-10","3.3","-27.2"
"1948","2","-6.9","8.3","-23.3"
"1948","3","-0.8","16.1","-21.7"
"1948","4","8.3","23.3","-5.6"
"1948","5","11.3","26.1","0"
"1948","6","17.6","31.1","3.9"
"1948","7","20.8","31.1","10"
"1948","8","20.1","35","9.4"
"1948","9","17.2","30","2.2"
"1948","10","8.1","18.9","-2.8"
"1948","11","5.7","18.3","-3.3"
"1948","12","-1.9","11.7","-20"
"1949","1","-2.2","11.1","-17.2"
"1949","2","-3.1","11.1","-16.7"
"1949","3","-0.6","20","-13.3"
"1949","4","6","23.9","-6.1"
"1949","5","14.1","31.1","0"
"1949","6","21","32.8","0"
"1949","7","22.4","35","9.4"
"1949","8","20.8","33.9","6.1"
"1949","9","13.8","28.3","1.1"
"1949","10","11.8","27.2","-4.4"
"1949","11","1.6","17.2","-15"
"1949","12","-1.5","13.3","-15.6"
"1950","1","-1.3","16.7","-16.7"
"1950","2","-5.9","4.4","-21.1"
"1950","3","-4","12.8","-22.8"
"1950","4","2.9","17.8","-10.6"
"1950","5","12.3","25.6","-3.9"
"1950","6","17.1","30.6","2.2"
"1950","7","18.8","30","7.2"
"1950","8","19","32.8","3.3"
"1950","9","14.5","26.7","2.2"
"1950","10","11.1","25.6","-1.7"
"1950","11","1.1","24.4","-13.3"
"1950","12","-5.1","9.4","-19.4"
"1951","1","-4.6","10.6","-20.6"
"1951","2","-4.3","9.4","-24.4"
"1951","3","0.3","13.9","-10.6"
"1951","4","6.7","24.4","-2.8"
"1951","5","13.7","29.4","-1.1"
"1951","6","17.6","28.3","5.6"
"1951","7","20.5","31.1","8.9"
"1951","8","19","31.1","5.6"
"1951","9","14.8","27.8","-0.6"
"1951","10","10.4","29.4","-3.3"
"1951","11","-1","13.9","-18.3"
"1951","12","-3.5","15.6","-20.6"
"1952","1","-3.6","10.6","-16.1"
"1952","2","-3.9","5.6","-17.8"
"1952","3","-0.5","18.3","-10"
"1952","4","8.4","24.4","-3.3"
"1952","5","11.7","25","0.6"
"1952","6","19.9","36.1","5.6"
"1952","7","22.4","33.3","8.3"
"1952","8","19.5","30","5.6"
"1952","9","16.2","33.9","1.1"
"1952","10","6.7","26.7","-6.1"
"1952","11","4","19.4","-15"
"1952","12","-0.9","11.1","-19.4"
"1953","1","-2.6","10","-19.4"
"1953","2","-2.1","11.7","-18.9"
"1953","3","1","14.4","-21.1"
"1953","4","5.5","20.6","-4.4"
"1953","5","12.7","28.3","2.8"
"1953","6","19.1","33.9","7.2"
"1953","7","20.9","32.2","7.2"
"1953","8","20.5","35","7.8"
"1953","9","15.6","34.4","1.7"
"1953","10","11","26.7","-3.3"
"1953","11","5","18.9","-6.7"
"1953","12","-0.7","14.4","-14.4"
"1954","1","-6.3","8.9","-20.6"
"1954","2","-1.2","11.7","-20"
"1954","3","-1.9","17.2","-13.9"
"1954","4","7.8","25","-11.7"
"1954","5","10.9","26.7","-1.7"
"1954","6","19.3","32.2","6.1"
"1954","7","20","33.3","7.2"
"1954","8","19.1","31.1","5.6"
"1954","9","15.8","30.6","1.7"
"1954","10","11.1","25","-1.7"
"1954","11","3.8","17.2","-5"
"1954","12","-3.7","6.1","-20.6"
"1955","1","-5.8","4.4","-21.7"
"1955","2","-5","5.6","-23.3"
"1955","3","-0.3","13.3","-12.2"
"1955","4","10.1","24.4","-3.9"
"1955","5","14.7","28.9","0.6"
"1955","6","18.1","30.6","8.3"
"1955","7","24.1","35.6","11.1"
"1955","8","22.8","35.6","8.9"
"1955","9","16.1","32.8","1.7"
"1955","10","10.9","24.4","-1.7"
"1955","11","1.9","16.1","-15"
"1955","12","-4.8","8.3","-22.2"
"1956","1","-5.2","2.8","-16.7"
"1956","2","-4.7","6.7","-19.4"
"1956","3","-2.2","9.4","-14.4"
"1956","4","5.2","18.9","-5.6"
"1956","5","11.2","28.9","-1.1"
"1956","6","18.5","33.3","5.6"
"1956","7","19.7","30","9.4"
"1956","8","19.9","29.4","6.7"
"1956","9","13.6","27.2","1.7"
"1956","10","11.3","25","-2.2"
"1956","11","3.6","20","-11.7"
"1956","12","-0.5","12.2","-20"
"1957","1","-8.7","7.8","-23.3"
"1957","2","-3.8","13.3","-17.8"
"1957","3","1","17.8","-11.1"
"1957","4","8.1","25.6","-5.6"
"1957","5","12.1","26.7","-2.2"
"1957","6","19.1","32.2","4.4"
"1957","7","20.5","32.2","7.2"
"1957","8","18.7","32.2","7.2"
"1957","9","15.7","30","-0.6"
"1957","10","9","20.6","-3.3"
"1957","11","3.3","16.1","-15.6"
"1957","12","-0.7","12.8","-15.6"
"1958","1","-5.1","3.3","-20.6"
"1958","2","-8.2","7.8","-25.6"
"1958","3","0.6","11.1","-8.9"
"1958","4","8","23.9","-6.7"
"1958","5","11.9","26.7","-1.7"
"1958","6","15.6","30","2.2"
"1958","7","20.7","30","8.9"
"1958","8","19.6","32.2","6.1"
"1958","9","16.1","28.9","2.2"
"1958","10","10.2","23.9","-3.3"
"1958","11","4.2","17.2","-15.6"
"1958","12","-8","3.3","-25"
"1959","1","-7.5","9.4","-23.9"
"1959","2","-6.6","5.6","-22.2"
"1959","3","-1.7","12.8","-18.9"
"1959","4","7.3","22.2","-3.9"
"1959","5","14.3","27.8","-2.2"
"1959","6","18.6","32.2","6.1"
"1959","7","21.2","31.1","10.6"
"1959","8","22.9","32.2","8.9"
"1959","9","17.7","32.8","-1.1"
"1959","10","9.7","25","-1.7"
"1959","11","1.3","18.3","-12.8"
"1959","12","-1.2","7.2","-14.4"
"1960","1","-4.4","3.3","-15"
"1960","2","-4.9","6.7","-20"
"1960","3","-6.5","12.8","-21.1"
"1960","4","7.7","28.9","-7.2"
"1960","5","12.8","25.6","-0.6"
"1960","6","17.7","29.4","6.1"
"1960","7","19.8","31.1","8.3"
"1960","8","20","30.6","8.9"
"1960","9","17.5","31.1","3.3"
"1960","10","9.6","24.4","-2.8"
"1960","11","4.5","15","-8.3"
"1960","12","-6.6","11.7","-25.6"
"1961","1","-8.1","5.6","-20.6"
"1961","2","-3.4","10.6","-26.1"
"1961","3","1","18.9","-13.3"
"1961","4","4","17.8","-5"
"1961","5","11.3","26.7","-1.1"
"1961","6","17.8","31.1","5"
"1961","7","20.5","30","7.2"
"1961","8","20.1","30.6","9.4"
"1961","9","18.7","30.6","0"
"1961","10","11.5","25","-0.6"
"1961","11","3.1","21.7","-12.8"
"1961","12","-3.4","12.8","-17.2"
"1962","1","-7.2","3.9","-20"
"1962","2","-7.8","9.4","-22.2"
"1962","3","-0.8","20","-19.4"
"1962","4","6.9","27.8","-7.2"
"1962","5","15.5","31.7","0"
"1962","6","18.1","30.6","5"
"1962","7","19.2","31.7","7.2"
"1962","8","19.3","30.6","6.7"
"1962","9","14","29.4","1.7"
"1962","10","10.2","25","-5"
"1962","11","2.6","13.9","-7.8"
"1962","12","-5.5","13.9","-22.8"
"1963","1","-10.2","2.2","-25.6"
"1963","2","-10.5","4.4","-24.4"
"1963","3","0.2","20.6","-22.8"
"1963","4","6.8","25.6","-5"
"1963","5","11.6","27.2","-3.3"
"1963","6","18.2","32.8","4.4"
"1963","7","20.6","33.9","5"
"1963","8","17.9","30","6.7"
"1963","9","13.6","26.1","0.6"
"1963","10","13","28.9","-2.8"
"1963","11","5.7","16.1","-5.6"
"1963","12","-7.3","7.8","-23.3"
"1964","1","-4.2","9.4","-20.6"
"1964","2","-5.6","6.1","-17.8"
"1964","3","-0.5","18.3","-16.1"
"1964","4","6.6","26.7","-10"
"1964","5","14.6","30.6","1.7"
"1964","6","18.1","33.9","2.2"
"1964","7","21.6","36.1","8.3"
"1964","8","17.4","29.4","7.2"
"1964","9","15.2","32.8","1.7"
"1964","10","7.8","23.9","-4.4"
"1964","11","4.5","18.3","-12.8"
"1964","12","-3.2","12.8","-16.7"
"1965","1","-6.7","13.3","-23.9"
"1965","2","-6","11.7","-18.9"
"1965","3","-3.4","4.4","-16.7"
"1965","4","3.4","20.6","-12.2"
"1965","5","14.4","28.3","1.7"
"1965","6","16.7","32.2","3.9"
"1965","7","17.6","31.1","5.6"
"1965","8","18.2","31.7","3.3"
"1965","9","16.2","31.7","-3.3"
"1965","10","7.8","21.7","-7.2"
"1965","11","3.3","19.4","-6.1"
"1965","12","-0.7","13.3","-17.8"
"1966","1","-8.6","6.1","-25"
"1966","2","-5.2","7.2","-22.8"
"1966","3","0.8","18.9","-16.1"
"1966","4","4.9","21.1","-4.4"
"1966","5","9.1","26.7","-5"
"1966","6","18.3","32.2","0.6"
"1966","7","21.1","34.4","7.8"
"1966","8","18.8","29.4","6.1"
"1966","9","13.6","28.3","1.1"
"1966","10","8","21.7","-3.3"
"1966","11","3.5","15.6","-8.3"
"1966","12","-3.4","15.6","-22.8"
"1967","1","-3.4","13.3","-18.3"
"1967","2","-8","7.2","-24.4"
"1967","3","-2.3","21.1","-22.8"
"1967","4","6.7","22.8","-6.7"
"1967","5","8.4","22.2","-2.8"
"1967","6","19.9","30.6","3.9"
"1967","7","18.5","29.4","5"
"1967","8","17.5","29.4","6.1"
"1967","9","13.5","26.7","0.6"
"1967","10","8.8","26.1","-3.9"
"1967","11","0.6","13.9","-12.8"
"1967","12","-2.1","14.4","-16.1"
"1968","1","-7.9","3.9","-22.2"
"1968","2","-8.3","7.8","-22.8"
"1968","3","0.5","19.4","-14.4"
"1968","4","7.7","23.9","-6.7"
"1968","5","10","21.1","-5"
"1968","6","16.9","31.1","2.8"
"1968","7","19.3","30.6","6.1"
"1968","8","19.1","32.2","6.1"
"1968","9","17","28.3","2.8"
"1968","10","9.9","25","-4.4"
"1968","11","3","21.1","-4.4"
"1968","12","-4.9","7.2","-22.8"
"1969","1","-6","8.3","-20"
"1969","2","-6","3.3","-21.1"
"1969","3","-2.1","15","-13.9"
"1969","4","7.2","23.9","-6.1"
"1969","5","11.6","30","-1.7"
"1969","6","15.8","31.7","2.8"
"1969","7","20.2","31.1","7.8"
"1969","8","20.9","32.8","6.1"
"1969","9","15.9","31.1","0.6"
"1969","10","8.4","25.6","-11.1"
"1969","11","3","13.3","-12.8"
"1969","12","-5.8","3.3","-22.2"
"1970","1","-11","7.8","-31.7"
"1970","2","-6.5","5.6","-26.1"
"1970","3","-3.1","7.8","-16.1"
"1970","4","7.1","24.4","-6.7"
"1970","5","13.4","27.2","-3.3"
"1970","6","17.4","30","3.9"
"1970","7","20.7","30.6","7.8"
"1970","8","20","31.7","6.7"
"1970","9","15.8","28.9","3.9"
"1970","10","11","23.3","0"
"1970","11","3.9","14.4","-8.9"
"1970","12","-3.8","15","-21.7"
"1971","1","-8.1","6.1","-25.6"
"1971","2","-5","8.3","-22.8"
"1971","3","-2.7","11.1","-12.2"
"1971","4","4.2","21.1","-10"
"1971","5","11.4","27.8","-1.7"
"1971","6","19.2","36.1","4.4"
"1971","7","19.5","31.1","7.8"
"1971","8","18.8","32.2","2.8"
"1971","9","17.1","31.1","0.6"
"1971","10","12.9","28.9","-2.2"
"1971","11","2.5","19.4","-10.6"
"1971","12","-0.6","17.2","-13.3"
"1972","1","-5.9","8.3","-23.3"
"1972","2","-7.7","3.3","-21.7"
"1972","3","-3.2","8.9","-20"
"1972","4","3.6","20","-12.2"
"1972","5","13.4","28.3","0"
"1972","6","15.4","28.3","-0.6"
"1972","7","20","32.2","5.6"
"1972","8","18.6","28.9","6.7"
"1972","9","15.4","27.8","1.1"
"1972","10","6.8","21.1","-6.7"
"1972","11","1.4","17.2","-9.4"
"1972","12","-2.1","11.7","-13.3"
"1973","1","-4.3","8.9","-17.8"
"1973","2","-7.4","8.3","-23.9"
"1973","3","3.7","18.3","-10.6"
"1973","4","6.9","25","-7.2"
"1973","5","10.9","23.3","-3.3"
"1973","6","19.3","30.6","7.8"
"1973","7","20.7","33.3","6.1"
"1973","8","20.9","32.8","7.2"
"1973","9","15.4","33.9","-2.8"
"1973","10","11.2","23.3","-1.1"
"1973","11","3.7","16.7","-7.8"
"1973","12","-4.1","13.9","-18.3"
"1974","1","-5.1","10","-22.2"
"1974","2","-7.9","7.2","-23.9"
"1974","3","-1","15.6","-18.3"
"1974","4","6.9","26.7","-6.1"
"1974","5","10.1","26.1","-3.3"
"1974","6","17.2","29.4","5"
"1974","7","19.9","32.8","7.8"
"1974","8","19.4","30.6","8.3"
"1974","9","13.5","26.7","-1.1"
"1974","10","7.3","20.6","-7.2"
"1974","11","3.1","21.1","-10"
"1974","12","-2.1","5","-11.1"
"1975","1","-3.8","11.1","-20"
"1975","2","-4","6.7","-19.4"
"1975","3","-2.9","8.3","-16.7"
"1975","4","2.7","20.6","-8.3"
"1975","5","15.5","28.9","0.6"
"1975","6","18.7","30.6","6.1"
"1975","7","20.5","34.4","6.7"
"1975","8","19.8","34.4","8.3"
"1975","9","12.9","22.8","1.1"
"1975","10","9.8","26.1","-5"
"1975","11","6.8","20.6","-6.1"
"1975","12","-3.5","13.9","-21.7"
"1976","1","-9.3","5.6","-30.6"
"1976","2","-2.5","12.2","-20.6"
"1976","3","1.8","20","-10"
"1976","4","7.4","26.7","-6.1"
"1976","5","11","23.9","-0.6"
"1976","6","19.4","30","6.1"
"1976","7","19.5","29.4","8.9"
"1976","8","18.3","28.9","3.9"
"1976","9","14.1","30","0.6"
"1976","10","6.6","22.2","-7.2"
"1976","11","-0.8","12.2","-12.2"
"1976","12","-7.5","5","-22.2"
"1977","1","-12.2","-2.4","-25.7"
"1977","2","-6.4","5.8","-22.7"
"1977","3","2.4","22.4","-10.6"
"1977","4","8.1","26.8","-9.3"
"1977","5","15","30.2","-0.6"
"1977","6","16.7","29.9","2.7"
"1977","7","21","34.3","7.3"
"1977","8","18.3","30.6","3.6"
"1977","9","15.9","30.7","3.6"
"1977","10","8.4","17.6","-0.6"
"1977","11","3.8","18.3","-12.8"
"1977","12","-4.2","12.3","-26.9"
"1978","1","-8.8","4.3","-18.9"
"1978","2","-11.7","-1.4","-29.5"
"1978","3","-4.8","7.3","-24.8"
"1978","4","4.9","17.9","-5.2"
"1978","5","13.2","29.4","-4.6"
"1978","6","16.7","31.9","3.3"
"1978","7","19.4","33.6","6"
"1978","8","19.9","31.3","6.9"
"1978","9","15.6","32.2","1.5"
"1978","10","8.1","21.3","-4.7"
"1978","11","2.8","20.4","-10.9"
"1978","12","-2.9","9.5","-15.7"
"1979","1","-8.6","9.3","-24.8"
"1979","2","-11.3","5.3","-25.9"
"1979","3","1.5","20.6","-13.4"
"1979","4","4.7","24","-7.6"
"1979","5","11.6","28.6","-1.9"
"1979","6","16.9","29.9","3.9"
"1979","7","19.6","30.5","7.4"
"1979","8","18.5","29.9","5.6"
"1979","9","15.2","28.2","1.5"
"1979","10","8.6","24.7","-2.7"
"1979","11","3.4","15","-7.2"
"1979","12","-1.2","12.8","-13.1"
"1980","1","-5.7","9.3","-17.4"
"1980","2","-8","3.6","-21.7"
"1980","3","-2.1","11.7","-20.7"
"1980","4","5.9","19.7","-6.7"
"1980","5","13.6","28.6","-0.7"
"1980","6","15.3","31.4","1.1"
"1980","7","20.2","31.2","6.7"
"1980","8","21.3","30.4","10.8"
"1980","9","15.3","27.7","1.8"
"1980","10","6.6","22.5","-3"
"1980","11","1.8","15.5","-8.1"
"1980","12","-5.9","12.3","-21.8"
"1981","1","-9.3","6.2","-26.5"
"1981","2","-3.2","9.3","-18.7"
"1981","3","-0.3","19.4","-16.7"
"1981","4","7.4","20.2","-5.9"
"1981","5","11.8","26.3","-2"
"1981","6","17.7","30.7","2.2"
"1981","7","20.5","32","8.1"
"1981","8","19.4","29.3","6.6"
"1981","9","14.6","27","1.8"
"1981","10","6.8","20.3","-4.2"
"1981","11","3.6","17.8","-8"
"1981","12","-3.3","8.6","-15.8"
"1982","1","-9.5","6.4","-26.1"
"1982","2","-8.3","4.8","-22.5"
"1982","3","-1.9","15","-18.9"
"1982","4","4.3","23.1","-12.2"
"1982","5","15.7","28","2.5"
"1982","6","16.1","26.3","7.3"
"1982","7","20.8","30.3","9"
"1982","8","17.6","28.9","1.5"
"1982","9","14.9","28.6","3"
"1982","10","10","25.2","-3.5"
"1982","11","4.3","21.3","-10.7"
"1982","12","1.6","18.5","-16.4"
"1983","1","-3.7","7","-19.3"
"1983","2","-2.5","11.3","-17.2"
"1983","3","1.3","17.2","-16.7"
"1983","4","5.6","24.8","-3.4"
"1983","5","10.1","22.3","-2"
"1983","6","18.4","33.6","4"
"1983","7","21.9","33.3","7.9"
"1983","8","20.8","31.6","8"
"1983","9","16.4","33.3","2.1"
"1983","10","9.6","24.5","-5.2"
"1983","11","3.9","16.2","-9.4"
"1983","12","-6.8","4.8","-21.6"
"1984","1","-9.5","1.9","-28.8"
"1984","2","-1.4","14.1","-20.6"
"1984","3","-4.3","7.7","-20.2"
"1984","4","7.5","23.7","-4.8"
"1984","5","10.5","25.5","-0.8"
"1984","6","19.1","30.5","7.5"
"1984","7","19.6","30.4","7.5"
"1984","8","20.5","29.2","7.3"
"1984","9","14.3","26.5","3.6"
"1984","10","11.3","21.3","-0.6"
"1984","11","3.4","18.3","-6.1"
"1984","12","-0.7","15","-14.8"
"1985","1","-7.6","9.6","-24.9"
"1985","2","-6.5","9.2","-21.5"
"1985","3","0.9","15.5","-12.3"
"1985","4","8.9","28.5","-6.3"
"1985","5","14.3","27.3","0.1"
"1985","6","16.2","27.8","5.1"
"1985","7","19.7","30.1","7.8"
"1985","8","19.2","30.3","9.3"
"1985","9","16.6","30.6","3"
"1985","10","10","21.4","-2.1"
"1985","11","4.1","18.9","-4.4"
"1985","12","-5.6","11.9","-19.1"
"1986","1","-5.5","5.7","-25.2"
"1986","2","-6.1","3.8","-18.2"
"1986","3","0.7","23.6","-17"
"1986","4","7.8","27.7","-4.4"
"1986","5","14.5","29.7","-1.7"
"1986","6","17.2","31.1","3.8"
"1986","7","20.9","32.6","7.8"
"1986","8","18.4","29.2","2.7"
"1986","9","15.5","25.6","2.3"
"1986","10","9.4","19.8","-1.2"
"1986","11","1.5","18","-12.9"
"1986","12","-1.8","3.4","-15"
"1987","1","-5.2","5.6","-19.8"
"1987","2","-5.2","3.8","-23.7"
"1987","3","2","19.8","-15.2"
"1987","4","8.8","26.9","-9.7"
"1987","5","15.4","32.4","-1.9"
"1987","6","19.9","33.6","5.6"
"1987","7","22.8","35.3","11.6"
"1987","8","19.4","31.2","6.8"
"1987","9","15.9","26.3","4.9"
"1987","10","6.8","19.5","-3.5"
"1987","11","4.3","21.5","-13.5"
"1987","12","-0.2","11.5","-12"
"1988","1","-5.3","9.6","-19.6"
"1988","2","-6.5","8.7","-18.5"
"1988","3","-0.4","18.4","-14.4"
"1988","4","6.6","19.7","-3.4"
"1988","5","14.5","31.2","1.7"
"1988","6","18.1","38.2","4.8"
"1988","7","22.7","36.4","8.7"
"1988","8","21.2","34.5","7.4"
"1988","9","15.4","25.6","5.3"
"1988","10","6.7","25.6","-6.4"
"1988","11","4.6","17.3","-1.8"
"1988","12","-2.8","10","-20.5"
"1989","1","-2.2","11.2","-18.4"
"1989","2","-6.5","9.7","-18.6"
"1989","3","-0.7","21.7","-17.4"
"1989","4","5","19.2","-7.4"
"1989","5","13.1","27","0.8"
"1989","6","18.4","29.6","7.9"
"1989","7","21.2","31.6","7.7"
"1989","8","19.3","30.7","8.2"
"1989","9","15","28.8","-1.8"
"1989","10","9.5","23.8","-0.4"
"1989","11","2","17.6","-9.4"
"1989","12","-9.9","4","-24.9"
"1990","1","-1.4","9.2","-11.5"
"1990","2","-3.2","11.2","-17.6"
"1990","3","1.8","22.8","-11.4"
"1990","4","8.1","29.4","-5"
"1990","5","11.6","24.6","0.1"
"1990","6","17.7","28.8","3.5"
"1990","7","20","34.6","8.8"
"1990","8","19.5","28.7","9.7"
"1990","9","15","27.8","1.9"
"1990","10","9.1","25.2","-3"
"1990","11","4.8","20.3","-4.7"
"1990","12","-1.4","11.7","-17.2"
"1991","1","-6","4.2","-16.4"
"1991","2","-2.2","9.9","-17.8"
"1991","3","1.5","17.9","-10.6"
"1991","4","8.8","26.1","-5"
"1991","5","16.8","30.2","1.4"
"1991","6","19.7","31.6","5.6"
"1991","7","20.8","33.2","8.6"
"1991","8","20.6","32.3","8"
"1991","9","14.9","32.8","-0.5"
"1991","10","10.5","26.1","-3.2"
"1991","11","2","16.3","-11.2"
"1991","12","-2.7","13.1","-21.4"
"1992","1","-4.3","5.3","-18.9"
"1992","2","-4.4","4","-23.4"
"1992","3","-0.6","13.5","-14.6"
"1992","4","5.3","22.1","-5.7"
"1992","5","12.9","27.9","0.4"
"1992","6","15.9","29.3","1.3"
"1992","7","18.1","27.1","8.3"
"1992","8","17.3","29.1","6.5"
"1992","9","15","26.5","2.5"
"1992","10","7.5","23","-3.4"
"1992","11","2.9","14.3","-8"
"1992","12","-1.6","10.6","-17.8"
"1993","1","-3.7","11.1","-17.2"
"1993","2","-7.9","3.6","-22"
"1993","3","-2.2","18","-15.9"
"1993","4","6.4","24.3","-4.4"
"1993","5","12.6","28","1.7"
"1993","6","17.4","27.7","3.7"
"1993","7","21","31.2","9.3"
"1993","8","20.5","33.6","7.8"
"1993","9","13.2","27.1","-1.9"
"1993","10","8","24.8","-2.9"
"1993","11","2.8","15","-7"
"1993","12","-3","9.9","-18.8"
"1994","1","-11.5","4.3","-29.1"
"1994","2","-8.7","11.1","-27.3"
"1994","3","-1.4","16.5","-15"
"1994","4","7.2","26.2","-5.8"
"1994","5","10.9","28.9","-1.5"
"1994","6","18.6","34.2","4.3"
"1994","7","20.6","31.4","8.8"
"1994","8","18.1","27.5","7.1"
"1994","9","15.5","28.4","4.3"
"1994","10","10.1","23.4","-0.9"
"1994","11","5.3","16.6","-8.4"
"1994","12","-0.2","11","-15.3"
"1995","1","-3.3","14.3","-16.3"
"1995","2","-7.6","4.6","-20"
"1995","3","1.3","19.8","-16.3"
"1995","4","4.4","18.5","-10.5"
"1995","5","13","25.4","2.7"
"1995","6","20.1","33.9","6.2"
"1995","7","21.3","35","9.8"
"1995","8","21.7","32","8.6"
"1995","9","14.2","28.9","1.6"
"1995","10","10.6","26.2","-0.8"
"1995","11","0.6","18.6","-7.9"
"1995","12","-5.4","7.7","-18"
"1996","1","-7","12.4","-24.8"
"1996","2","-5.7","9.6","-22.7"
"1996","3","-3.4","13.1","-20.8"
"1996","4","4.7","21.6","-7.1"
"1996","5","11.9","28.8","-0.4"
"1996","6","18.8","30.2","6.4"
"1996","7","19.2","29.4","8.8"
"1996","8","19.7","30.7","10.3"
"1996","9","15.7","27.8","2.8"
"1996","10","9.5","22.9","-0.9"
"1996","11","0.5","17.5","-11.8"
"1996","12","-1","13.2","-13.2"
"1997","1","-6.2","13.6","-20.6"
"1997","2","-3.3","14.4","-24.3"
"1997","3","-0.1","17.3","-11.5"
"1997","4","5.1","21.4","-7.7"
"1997","5","8.9","21.9","-0.6"
"1997","6","18.9","32.1","5.6"
"1997","7","20","31","8.7"
"1997","8","18","29.4","8"
"1997","9","15.4","25.9","1.8"
"1997","10","9.4","26.3","-1.8"
"1997","11","1.7","12.1","-9.7"
"1997","12","-1.5","6.3","-16.4"
"1998","1","-1.8","12","-13.1"
"1998","2","-0.4","10.7","-10.5"
"1998","3","1.8","24.8","-17.4"
"1998","4","8","21.3","-3.9"
"1998","5","16.9","31.2","4.5"
"1998","6","18.7","32.8","2.7"
"1998","7","20.6","31.9","10.2"
"1998","8","21","31.1","8"
"1998","9","18","31.9","2.2"
"1998","10","10.6","23.5","-1.8"
"1998","11","4.6","15.5","-4.2"
"1998","12","0.5","17.8","-15.3"
"1999","1","-6.8","9.9","-22.1"
"1999","2","-1.7","15.8","-14.7"
"1999","3","-1","20.2","-21.5"
"1999","4","8","22.9","-2"
"1999","5","15","29.4","2"
"1999","6","19.5","31.4","6.2"
"1999","7","22.9","35","9.8"
"1999","8","19","30.4","7.9"
"1999","9","17","31.3","-0.2"
"1999","10","8.7","22","-3"
"1999","11","5.4","21.3","-11.8"
"1999","12","-1.3","12.4","-14"
"2000","1","-6.1","12","-21.4"
"2000","2","-3.1","17.8","-21.7"
"2000","3","4.4","24.8","-6.8"
"2000","4","6.7","21.6","-3.9"
"2000","5","14.2","28.3","3"
"2000","6","18.5","30.4","7.1"
"2000","7","19.2","28.1","8.6"
"2000","8","19.2","28","6.4"
"2000","9","15.1","30.3","0.8"
"2000","10","10.9","22.6","-1.8"
"2000","11","3","16.6","-13"
"2000","12","-8.3","5.1","-22"
"2001","1","-5","2.9","-19.4"
"2001","2","-3.5","12.7","-15.3"
"2001","3","-1","9.3","-13.7"
"2001","4","8.1","24.6","-4.6"
"2001","5","14.1","28.5","-0.1"
"2001","6","18.8","31.5","7.4"
"2001","7","20.2","33.1","5.9"
"2001","8","21.6","37","8.7"
"2001","9","15.3","29.9","2"
"2001","10","10","25.2","-2"
"2001","11","7","19.1","-3.4"
"2001","12","0.4","16.4","-11.8"
"2002","1","-1.3","10.4","-15.3"
"2002","2","-2","13.2","-13.9"
"2002","3","0.3","16.6","-12.9"
"2002","4","7.2","28.2","-4.7"
"2002","5","10.1","26.6","-2.8"
"2002","6","19.2","32.1","6.7"
"2002","7","22.8","33.7","9.8"
"2002","8","21","33.6","10.3"
"2002","9","20.5","34.2","7.6"
"2002","10","8.1","28.1","-5.2"
"2002","11","2.8","15.6","-7.3"
"2002","12","-3.4","9.0","-21.6"
"2003","01","-8.6","5.0","-25.4"
"2003","02","-7.5","6.7","-24.8"
"2003","03","-1.2","19.2","-25.6"
"2003","04","5.7","27.2","-12.4"
"2003","05","12.0","23.7","2.2"
"2003","06","17.5","32.3","3.8"
"2003","07","20.3","31.2","9.1"
"2003","08","20.8","30.1","7.7"
"2003","09","16.0","28.0","2.6"
"2003","10","8.6","25.6","-3.1"
"2003","11","5.1","17.6","-7.0"
"2003","12","-0.9","8.3","-11.3"
"2004","01","-9.5","12.3","-25.4"
"2004","02","-4.7","10.6","-19.7"
"2004","03","1.9","18.3","-11.1"
"2004","04","7.1","24.0","-5.3"
"2004","05","13.4","27.6","-2.4"
"2004","06","17.1","30.4","5.0"
"2004","07","20.0","29.7","11.0"
"2004","08","18.2","28.5","6.1"
"2004","09","17.1","27.9","4.1"
"2004","10","10.5","24.9","-0.7"
"2004","11","4.7","13.9","-6.8"
"2004","12","-3.2","12.0","-22.7"
"2005","01","-7.0","14.8","-27.1"
"2005","02","-5.2","6.4","-21.0"
"2005","03","-2.8","18.5","-18.4"
"2005","04","7.7","27.4","-1.2"
"2005","05","11.6","24.9","-0.2"
"2005","06","21.7","33.4","9.3"
"2005","07","22.4","33.1","10.3"
"2005","08","21.3","32.8","10.3"
"2005","09","18.1","31.7","4.0"
"2005","10","10.9","26.4","-3.2"
"2005","11","4.9","18.6","-11.3"
"2005","12","-4.7","4.3","-17.9"
"2006","01","0.1","10.3","-11.1"
"2006","02","-3.8","10.6","-15.7"
"2006","03","0.4","18.7","-18.4"
"2006","04","8.5","22.4","-4.4"
"2006","05","13.8","33.1","-1.4"
"2006","06","18.6","30.3","5.1"
"2006","07","22.2","33.3","9.4"
"2006","08","20.0","33.7","9.1"
"2006","09","14.9","26.1","3.7"
"2006","10","8.1","22.8","-0.9"
"2006","11","5.2","16.0","-4.1"
"2006","12","1.5","11.1","-9.7"
"2007","01","-3.1","10.8","-19.7"
"2007","02","-9.1","4.0","-20.7"
"2007","03","1.0","23.7","-21.6"
"2007","04","5.6","22.9","-8.0"
"2007","05","14.5","30.5","1.3"
"2007","06","19.6","32.6","5.8"
"2007","07","19.9","33.2","8.0"
"2007","08","20.5","33.8","7.4"
"2007","09","17.1","31.3","2.6"
"2007","10","13.9","30.3","-1.9"
"2007","11","2.4","15.1","-8.7"
"2007","12","-3.2","7.7","-13.5"
"2008","01","-2.6","14.8","-15.6"
"2008","02","-5.9","7.8","-20.5"
"2008","03","-2.2","11.0","-16.0"
"2008","04","9.2","25.5","-4.1"
"2008","05","11.3","28.1","-1.4"
"2008","06","19.4","31.6","8.9"
"2008","07","21.0","31.4","8.4"
"2008","08","19.3","28.9","7.9"
"2008","09","16.8","31.2","5.7"
"2008","10","8.7","25.3","-2.4"
"2008","11","2.4","19.6","-13.5"
"2008","12","-3.6","13.7","-15.8"
"2009","01","-9.4","2.3","-23.4"
"2009","02","-3.9","9.4","-25.6"
"2009","03","0.8","17.3","-15.0"
"2009","04","7.9","27.2","-4.1"
"2009","05","13.0","26.3","-1.2"
"2009","06","17.5","30.9","4.4"
"2009","07","18.3","27.8","8.3"
"2009","08","19.7","31.0","6.5"
"2009","09","16.2","25.9","2.6"
"2009","10","8.3","18.4","-3.4"
"2009","11","6.1","18.4","-3.1"
"2009","12","-2.6","9.5","-14.3"
"2010","01","-5.6","5.4","-21.4"
"2010","02","-4.6","3.2","-16.1"
"2010","03","3.5","18.2","-8.5"
"2010","04","10.1","25.2","-1.9"
"2010","05","15.2","30.9","-1.9"
"2010","06","19.1","29.1","5.5"
"2010","07","22.0","34.0","7.2"
"2010","08","21.7","31.8","8.5"
"2010","09","15.9","30.0","5.4"
"2010","10","10.3","23.3","-3.2"
"2010","11","4.2","16.9","-5.0"
"2010","12","-5.0","6.8","-12.9"
"2011","01","-7.8","9.0","-22.8"
"2011","02","-6.2","9.2","-19.6"
"2011","03","-1.3","15.1","-14.8"
"2011","04","7.0","22.7","-2.3"
"2011","05","14.5","30.7","3.7"
"2011","06","18.4","32.7","5.2"
"2011","07","23.2","36.7","9.3"
"2011","08","20.6","29.8","11.5"
"2011","09","16.6","31.2","5.7"
"2011","10","nan","nan","-3.0"
"2011","11","6.4","18.0","-4.0"
"2011","12","0.3","12.7","-15.4"
"2012","01","-2.8","10.1","-21.4"
"2012","02","-1.1","9.0","-12.1"
"2012","03","7.4","27.2","-11.8"
"2012","04","6.8","23.0","-4.7"
"2012","05","16.1","31.2","2.0"
"2012","06","19.8","32.6","8.2"
"2012","07","23.2","36.1","11.2"
"2012","08","20.3","34.2","7.2"
"2012","09","15.5","31.4","2.2"
"2012","10","9.9","23.6","-1.5"
"2012","11","nan","nan","nan"
"2012","12","0.7","14.3","-7.7"
"2013","01","-3.2","14.2","-18.2"
"2013","02","-5.5","5.4","-18.7"
"2013","03","-0.8","13.6","-11.2"
"2013","04","5.9","24.7","-6.5"
"2013","05","14.9","28.2","0.6"
"2013","06","18.4","30.3","7.0"
"2013","07","nan","nan","10.5"
"2013","08","19.5","29.6","8.2"
"2013","09","15.7","34.3","3.4"
"2013","10","nan","nan","nan"
"2013","11","1.6","15.6","-11.6"
"2013","12","nan","12.4","nan"
"2014","01","-9.2","5.9","-25.9"
"2014","02","-10.2","4.9","-27.2"
"2014","03","-5.1","10.3","-23.9"
"2014","04","nan","nan","-8.7"
"2014","05","13.8","28.0","1.1"
"2014","06","19.7","31.2","8.0"
"2014","07","18.8","28.4","8.6"
"2014","08","19.3","29.6","10.0"
"2014","09","nan","nan","nan"
"2014","10","nan","nan","-0.8"
"2014","11","1.2","15.6","-11.3"
"2014","12","nan","11.8","nan"
"2015","01","nan","4.6","nan"
"2015","02","-13.1","0.5","-28.8"
"2015","03","-2.6","10.7","-24.4"
"2015","04","nan","nan","-2.7"
"2015","05","15.7","29.3","-1.5"
"2015","06","18.0","29.9","6.4"
"2015","07","20.2","31.2","9.6"
"2015","08","19.5","30.4","8.2"
"2015","09","18.7","31.9","6.1"
"2015","10","nan","nan","-2.8"
"2015","11","nan","nan","-8.1"
"2015","12","nan","nan","nan"
"2016","01","nan","nan","nan"
"2016","02","-2.7","14.7","-23.9"
"2016","03","nan","nan","-13.7"
"2016","04","nan","nan","nan"
"2016","05","14.2","29.8","0.7"
"2016","06","nan","32.0","nan"
"2016","07","nan","nan","9.4"
"2016","08","nan","32.9","nan"
"2016","09","nan","31.6","nan"
"2016","10","nan","nan","nan"
"2016","11","6.1","20.0","-4.5"
"2016","12","-2.6","10.6","-17.0"
"2017","01","-2.0","11.1","-16.0"
"2017","02","0.1","17.5","-12.9"
"2017","03","nan","nan","-11.4"
"2017","04","9.7","25.0","-0.9"
"2017","05","nan","nan","-1.2"
"2017","06","19.3","31.8","7.3"
"2017","07","21.0","30.2","12.1"
"2017","08","18.9","30.3","6.5"
"2017","09","nan","nan","3.7"
"2017","10","12.5","25.6","-1.8"
"2017","11","2.8","16.3","-12.0"
"2017","12","-5.2","10.9","-24.5"
"2018","01","-6.4","11.4","-24.8"
"2018","02","nan","nan","-21.5"
"2018","03","-0.8","9.6","-9.2"
"2018","04","3.2","21.3","-7.8"
"2018","05","16.8","32.0","2.6"
"2018","06","nan","nan","8.9"
"2018","07","21.4","32.5","9.4"
"2018","08","21.8","31.2","11.8"
"2018","09","18.0","31.6","4.1"
"2018","10","9.1","27.1","-1.6"
"2018","11","nan","nan","nan"
"2018","12","-0.2","13.9","-13.2"
"2019","01","-6.8","9.4","-24.7"
"2019","02","-4.4","11.1","-24.2"
"2019","03","-1.6","14.1","-20.4"
"2019","04","nan","nan","nan"
"2019","05","12.4","28.6","0.9"
"2019","06","18.1","29.6","5.3"
"2019","07","22.4","33.5","9.7"
"2019","08","nan","nan","nan"
"2019","09","nan","nan","nan"
"2019","10","nan","nan","nan"
"2019","11","nan","nan","nan"
"2019","12","nan","nan","nan"
